{
  "intents": [

    {
      "tag": "salamu",
      "patterns": [
        "Habari",
        "Habar",
        "Mambo",
        "Mambo vp",
        "Mambo vipi",
        "Habari za saizi",
        "Habari za asubuhi",
        "Habari za mchana",
        "Habari za jioni",
        "Habari za jion"
      ],

      "responses": [
        "Salama, karibu Hospitali ya Maweni",
        "Salama, Karibu nikuhudumie?"
      ]
    },

    {
      "tag": "greeting",
      "patterns": [
        "Hi",
        "Hey",
        "How are you",
        "Is anyone there?",
        "Hello",
        "Good day"
      ],
      "responses": [
        "Hey ",
        "Hello, welcome at Maweni hospital",
        "Hi there, what can I do for you?",
        "Hi there, how can I help?"
      ]
    },
    {
      "tag": "goodbye",
      "patterns": ["Bye", "See you later", "Goodbye"],
      "responses": [
        "See you later, thanks for visiting",
        "Have a nice day",
        "Bye! Come back again soon."
      ]
    },
    {
      "tag": "kwaheri",
      "patterns": ["Kwaheri"],
      "responses": [
        "Uwe na siku njema",
        "Kwaheri",
        "kwaheri Karibu tena"
      ]
    },
    {
      "tag": "thanks",
      "patterns": ["Thanks", "Thank you", "That's helpful", "Thank's a lot!"],
      "responses": ["Happy to help!", "Any time!", "My pleasure"]
    },

    {
      "tag": "Asante",
      "patterns": ["Asante", "Nashukuru", "Shukrani", "Asante sana"],
      "responses": ["Karibu tena!", "Karibu nikuhudumie!", "Karibu sana"]
    },

    {
      "tag": "funny",
      "patterns": [
        "Tell me a joke!",
        "Tell me something funny!",
        "Do you know a joke?"
      ],
      "responses": [
        "Why did the hipster burn his mouth? He drank the coffee before it was cool.",
        "What did the buffalo say when his son left for college? Bison."
      ]
    }
    ,

    {
      "tag": "generalHealth",
      "patterns": [
        "i feel sick", "i am sick", "i am not feeling well","i do not feeling well", "i am not well" 
      ],
      "responses": [
        "okay. can you tell me what's wrong? what are your symptoms?"
      ]
    }
    ,

    {
      "tag": "generalHealth2",
      "patterns": [
        "i feel fine", "i am feeling fine", "i feel great","i am feeling great", "i am great", "i feel awesome"
      ],
      "responses": [
        "good to know. how may i assist you then?"
      ]
    }
    ,


    {
      "tag": "historia",
      "patterns": [
        "Historia ya maweni!",
        "Niambie historia fupi ya hospitali!",
        "Unajua nini kuhusu maweni?"
      ],
      "responses": [
        "Hospitali ya Rufaa ya Mkoa Maweni Kigoma, ilianza kutoa huduma eneo hili ilipo hivi sasa mwaka 1972.  Kabla ya hapo, huduma zilikuwa   zinatolewa Kigoma mjini kwenye eneo ambalo hivi sasa linatumika kama kituo cha kulea watoto wanaoishi kwenye mazingira hatarishi cha Sanganyigwa. Hospitali hii ilianzishwa kwa ajili ya kutoa huduma kwa wananchi wa Kigoma mjini. Hivi sasa ni Hospitali ya Rufaa ya Mkoa ambayo hupokea wagonjwa kutoka Wilaya zote za Mkoa wa Kigoma pia wakimbizi na raia kutoka nchi jirani za Burundi na Jamhuri ya Demokrasia ya Kongo. Hospitali ya Maweni ilipandishwa hadhi kuwa Hospitali ya Rufaa ya Mkoa kwa tangazo lililotolewa kwenye gazeti la Serikali Na 828 la tarehe 12/11/2010. Hospitali ina uwezo wa kuchukua vitanda 300 katika wodi 11 zilizopo. Kutokana na uchakavu, wodi mbili hazitumiki, hivyo idadi ya vitanda vilivyopo wodini ni 169. Vitanda vingine 32 hutumika katika Idara nyingine kama chumba cha kujifungulia (labour room), vitanda kwa ajili ya watumishi walioko zamu za usiku na Vitanda katika vyumba vya Madaktari (examination beds)."
      ]
    }

    ,
        {
          "tag": "book_appointment",
          "patterns": ["is a doctor available ?", "hi can i see a doctor ?", "i want to talk to a doctor", "I want to book an appointment", "Book an appointment", "Schedule a visit", "can I book an apointment with a doctor?"],
          "responses": ["Sure, I can help you with that. Please provide the date, time, and the type of appointment (e.g., consultation, surgery, checkup)."]
        },


        {
          "tag": "provide_appointment_details",
          "patterns": [
            "I need a checkup appointment on 2024-07-01 at 12:00",
            "Schedule a consultation for 2024-08-15 at 09:00",
            "Book a surgery appointment on 2024-09-10 at 14:30"
            
          ],
          "responses": [
            "Got it, please provide the date, time, and activity for the appointment."
          ]
        }
,






{
  "tag": "salamu",
  "patterns": [
    "Habari",
    "Habar",
    "Mambo",
    "Mambo vp",
    "Mambo vipi",
    "Habari za saizi",
    "Habari za asubuhi",
    "Habari za mchana",
    "Habari za jioni",
    "Habari za jion"
  ],
  "responses": [
    "Salama, karibu Hospitali ya Maweni",
    "Salama, Karibu nikuhudumie?"
  ]
},
{
  "tag": "greeting",
  "patterns": [
    "Salam",
    "Hey",
    "Uko vipi",
    "Yuko mtu hapa?",
    "Hello",
    "Siku njema"
  ],
  "responses": [
    "Salam",
    "Hello, karibu Hospitali ya Maweni",
    "Hey, naweza kukusaidia vipi?",
    "Hi there, namna gani naweza kusaidia?"
  ]
},
{
  "tag": "goodbye",
  "patterns": ["Kwaheri", "Tutaonana baadaye", "Nakupenda"],
  "responses": [
    "Tutaonana baadaye, asante kwa kuja",
    "Uwe na siku njema",
    "Kwaheri! Karibu tena hivi karibuni."
  ]
},
{
  "tag": "thanks",
  "patterns": ["Asante", "Shukrani", "Hii ni ya kusaidia", "Shukrani nyingi!"],
  "responses": ["Nimefurahi kusaidia!", "Wakati wowote!", "Furaha yangu"]
},
{
  "tag": "funny",
  "patterns": [
    "Nipe joke!",
    "Nipe kitu cha kuchekesha!",
    "Unajua joke?"
  ],
  "responses": [
    "Kwa nini hipster alichoma mdomo wake? Alikunywa kahawa kabla haijawa baridi.",
    "Baba mzazi wa nyati alisemaje alipompeleka mwanae chuoni? Nyati."
  ]
},
{
  "tag": "generalHealth",
  "patterns": [
    "Ninaumwa",
    "Niko mgonjwa",
    "Siendi sawa",
    "Najisikia vibaya",
    "Siend poa"
  ],
  "responses": [
    "Sawa. Unaweza kuniambia kuna nini? Ni dalili gani unazo?"
  ]
},
{
  "tag": "generalHealth2",
  "patterns": [
    "Najisikia vyema",
    "Ninaendelea vyema",
    "Najisikia vizuri",
    "Ninaendelea vizuri",
    "Niko poa",
    "Najisikia vizuri sana"
  ],
  "responses": ["Ni vizuri kusikia hivyo. Nitakusaidia vipi basi?"]
},
{
  "tag": "historia",
  "patterns": [
    "Historia ya maweni!",
    "Niambie historia fupi ya hospitali!",
    "Unajua nini kuhusu maweni?"
  ],
  "responses": [
    "Hospitali ya Rufaa ya Mkoa Maweni Kigoma, ilianza kutoa huduma eneo hili ilipo hivi sasa mwaka 1972.  Kabla ya hapo, huduma zilikuwa   zinatolewa Kigoma mjini kwenye eneo ambalo hivi sasa linatumika kama kituo cha kulea watoto wanaoishi kwenye mazingira hatarishi cha Sanganyigwa. Hospitali hii ilianzishwa kwa ajili ya kutoa huduma kwa wananchi wa Kigoma mjini. Hivi sasa ni Hospitali ya Rufaa ya Mkoa ambayo hupokea wagonjwa kutoka Wilaya zote za Mkoa wa Kigoma pia wakimbizi na raia kutoka nchi jirani za Burundi na Jamhuri ya Demokrasia ya Kongo. Hospitali ya Maweni ilipandishwa hadhi kuwa Hospitali ya Rufaa ya Mkoa kwa tangazo lililotolewa kwenye gazeti la Serikali Na 828 la tarehe 12/11/2010. Hospitali ina uwezo wa kuchukua vitanda 300 katika wodi 11 zilizopo. Kutokana na uchakavu, wodi mbili hazitumiki, hivyo idadi ya vitanda vilivyopo wodini ni 169. Vitanda vingine 32 hutumika katika Idara nyingine kama chumba cha kujifungulia (labour room), vitanda kwa ajili ya watumishi walioko zamu za usiku na Vitanda katika vyumba vya Madaktari (examination beds)."
  ]
},
{
  "tag": "book_appointment",
  "patterns": [
    "Daktari yupo ?",
    "Habari naweza kuonana na daktari ?",
    "Nataka kuzungumza na daktari",
    "Nataka kuweka miadi",
    "Weka miadi",
    "Panga ziara",
    "Naweza kuweka miadi na daktari?"
  ],
  "responses": [
    "Hakika, naweza kukusaidia na hilo. Tafadhali toa tarehe, muda, na aina ya miadi (kwa mfano, mashauriano, upasuaji, ukaguzi)."
  ]
},
{
  "tag": "provide_appointment_details",
  "patterns": [
    "Nahitaji miadi ya ukaguzi tarehe 2024-07-01 saa 12:00",
    "Panga mashauriano kwa tarehe 2024-08-15 saa 09:00",
    "Weka miadi ya upasuaji tarehe 2024-09-10 saa 14:30"
  ],
  "responses": [
    "Nimeelewa, tafadhali toa tarehe, muda, na shughuli ya miadi."
  ]
},
{
  "tag": "medication_inquiry",
  "patterns": [
    "Je, mnatoa dawa?",
    "Naweza kupata dawa yangu wapi?",
    "Naweza kujaza dawa tena?"
  ],
  "responses": [
    "Duka letu la dawa hutoa huduma ya dawa. Unaweza kujaza dawa yako hapa."
  ]
},
{
  "tag": "insurance_inquiry",
  "patterns": [
    "Je, mnakubali bima ya afya?",
    "Bima zipi za afya mnazokubali?",
    "Ninawezaje kutumia bima yangu hapa?"
  ],
  "responses": [
    "Tunakubali mipango mbalimbali ya bima. Tafadhali toa maelezo ya bima yako kwa msaada."
  ]
},

{
  "tag": "medical_services_offered",
  "patterns": [
    "Ni huduma za matibabu zipi mnazotoa?",
    "Je, mna wataalamu?",
    "Ninaweza kupata vipimo vya damu hapa?"
  ],
  "responses": [
    "Tunatoa mbalimbali ya huduma za matibabu ikiwa ni pamoja na mashauriano ya wataalamu na vipimo vya uchunguzi."
  ]
},
{
  "tag": "emergency_assistance",
  "patterns": [
    "Nahitaji msaada wa matibabu haraka!",
    "Huduma za dharura?",
    "Nifanye nini kwa dharura?"
  ],
  "responses": [
    "Ikiwa unahitaji msaada wa matibabu mara moja, tafadhali piga simu kwenye kituo chetu cha dharura au tembelea idara yetu ya dharura."
  ]
},
{
  "tag": "visitor_information",
  "patterns": [
    "Naweza kuona mgonjwa?",
    "Muda wa wageni?",
    "Kuna kafeteria hapa?"
  ],
  "responses": [
    "Wageni wanakaribishwa kwenye saa zifuatazo za kuona wagonjwa: 12:00 - 1:00 asubuhi, 7:00 - 8:00 mchana, na 10:00 - 12:00 jioni kila siku. Pia, tuna kafeteria inayopatikana kwa urahisi wako."
  ]
}
,
{
  "tag": "visitor_information",
  "patterns": [
    "Can I visit a patient?",
    "Visitor hours?",
    "Is there a cafeteria here?"
  ],
  "responses": [
    "Visitors are welcome during the following visiting hours: 6:00 AM - 7:00 AM in the morning, 1:00 PM - 2:00 PM in the afternoon, and 4:00 PM - 6:00 PM in the evening, every day. Additionally, we have a cafeteria available for your convenience."
  ]
}


,
{
  "tag": "health_tips",
  "patterns": [
    "Ninawezaje kubaki na afya njema?",
    "Usaidizi wa afya?",
    "Vidokezo vya maisha yenye afya?"
  ],
  "responses": [
    "Endelea na lishe bora, fanya mazoezi mara kwa mara, na pata usingizi wa kutosha kwa maisha yenye afya.",
    "Punguza matumizi ya sukari na vyakula vyenye mafuta mengi.",
    "Epuka mihadarati na vileo vikali.",
    "Tumia muda wa kutosha nje kwa kupata jua na hewa safi.",
    "Jifunze mbinu za kupunguza msongo wa mawazo kama vile mazoezi ya kupumua au yoga.",
    "Fanya vipimo vya afya mara kwa mara ili kugundua mapema matatizo yoyote ya kiafya.",
    "Tunza afya ya akili kwa kujihusisha na shughuli zenye kufurahisha na kujenga mahusiano mazuri na wapendwa."
  ]
}
,
{
  "tag": "feedback_complaints",
  "patterns": [
    "Nawezaje kutoa maoni?",
    "Nina malalamiko.",
    "Fomu ya maoni?"
  ],
  "responses": [
    "Tunathamini maoni yako. Tafadhali tembelea tovuti yetu kutoa maoni yako au wasiliana na idara yetu ya maoni."
  ]
},
{
  "tag": "hospital_facilities",
  "patterns": [
    "Je, kuna maegesho?",
    "Kuna kafeteria?",
    "Wapi choo?"
  ],
  "responses": [
    "Ndio, tuna maegesho, kafeteria, na vyoo vinavyopatikana kwa urahisi wako."
  ]
},
{
  "tag": "medical_records_inquiry",
  "patterns": [
    "Ninaweza vipi kupata rekodi zangu za matibabu?",
    "Naweza kuomba historia yangu ya matibabu?",
    "Je, mnatoa ripoti za matibabu?"
  ],
  "responses": [
    "Unaweza kuomba rekodi zako za matibabu kupitia idara yetu ya rekodi za matibabu. Tafadhali jaza fomu ya ombi kwa msaada."
  ]
},
{
  "tag": "health_education",
  "patterns": [
    "Naweza kupata habari kuhusu [mada maalum ya afya]?",
    "Rasilimali za elimu ya afya?",
    "Je, mnatoa semina za afya?"
  ],
  "responses": [
    "Tunatoa vifaa vya elimu ya afya na tunaweza kuandaa semina za afya mara kwa mara. Tafadhali angalia tovuti yetu kwa habari zaidi."
  ]
}
,




{
  "tag": "doctor_availability",
  "patterns": [
    "Daktari yupo?",
    "Naweza kuona daktari leo?",
    "Nahitaji kushauriana na daktari haraka."
  ],
  "responses": [
    "Ngoja nione. Tafadhali subiri kwa dakika."
  ]
},
{
  "tag": "appointment_cancelation",
  "patterns": [
    "Nahitaji kufuta miadi yangu.",
    "Futa miadi yangu kwa [tarehe] saa [muda].",
    "Naweza kufuta miadi yangu iliyopangwa?"
  ],
  "responses": [
    "Hakika, naweza kukusaidia na hilo. Tafadhali toa maelezo ya miadi yako."
  ]
},
{
  "tag": "appointment_rescheduling",
  "patterns": [
    "Nataka kubadilisha tarehe ya miadi yangu.",
    "Badilisha miadi yangu kwenda kwa [tarehe] saa [muda].",
    "Naweza kubadilisha miadi yangu?"
  ],
  "responses": [
    "Bila shaka, hebu tafuta tarehe na muda mwingine mzuri kwa miadi yako."
  ]
},
{
  "tag": "billing_inquiry",
  "patterns": [
    "Ninawezaje kulipa bili yangu?",
    "Salio langu la deni ni nini?",
    "Maswali kuhusu malipo?"
  ],
  "responses": [
    "Unaweza kulipa bili yako kwenye idara yetu ya malipo au kupitia mtandao wetu wa malipo mtandaoni."
  ]
},
{
  "tag": "medical_conditions",
  "patterns": [
    "Ni hali za matibabu gani zinazojulikana mnazotibu?",
    "Je, mnaa specializes katika hali fulani za matibabu?",
    "Taarifa kuhusu hali za matibabu."
  ],
  "responses": [
    "Tunatoa matibabu kwa hali mbalimbali za matibabu. Tafadhali eleza ombi lako kwa maelezo zaidi."
  ]
},
{
  "tag": "surgery_information",
  "patterns": [
    "Nahitaji taarifa kuhusu upasuaji.",
    "Ninawezaje kujiandaa kwa upasuaji?",
    "Mchakato wa upasuaji."
  ],
  "responses": [
    "Idara yetu ya upasuaji inaweza kutoa taarifa za kina kuhusu taratibu za upasuaji na hatua za maandalizi."
  ]
},
{
  "tag": "patient_rights",
  "patterns": [
    "Ni haki gani nilizonazo kama mgonjwa?",
    "Taarifa kuhusu haki za mgonjwa.",
    "Kufahamu haki zangu kama mgonjwa."
  ],
  "responses": [
    "Kama mgonjwa, una haki fulani ikiwa ni pamoja na haki ya kupata ridhaa sahihi, usiri, na kutendewa kwa heshima."
  ]
},
{
  "tag": "hospital_location",
  "patterns": [
    "Hospitali iko wapi?",
    "Anwani ya hospitali ni nini?",
    "Maelekezo kwenye hospitali."
  ],
  "responses": [
    "Hospitali yetu iko katika Kigoma Ujiji. Unaweza kupata maelekezo kamili kwenye tovuti yetu au kwa kutumia programu ya ramani."
  ]
},
{
  "tag": "job_opportunities",
  "patterns": [
    "Je, kuna fursa za kazi katika hospitali?",
    "Ninawezaje kuomba kazi?",
    "Maelezo ya fursa za kazi."
  ],
  "responses": [
    "Tunaweza kuwa na fursa za kazi mara kwa mara. Tafadhali angalia ukurasa wetu wa ajira kwenye tovuti kwa nafasi za sasa na maelekezo ya maombi."
  ]
}
,






{
  "tag": "doctor_availability",
  "patterns": [
    "Is a doctor available now?",
    "Can I see a doctor today?",
    "I need to consult a doctor urgently."
  ],
  "responses": [
    "Let me check for you. Please wait a moment."
  ]
},
{
  "tag": "appointment_cancelation",
  "patterns": [
    "I need to cancel my appointment.",
    "Cancel my appointment for [date] at [time].",
    "How can I cancel my scheduled appointment?"
  ],
  "responses": [
    "Sure, I can help you with that. Please provide your appointment details."
  ]
},
{
  "tag": "appointment_rescheduling",
  "patterns": [
    "I want to reschedule my appointment.",
    "Change my appointment to [date] at [time].",
    "Can I reschedule my appointment?"
  ],
  "responses": [
    "Of course, let's find a new suitable date and time for your appointment."
  ]
},
{
  "tag": "billing_inquiry",
  "patterns": [
    "How can I pay my bill?",
    "What is my outstanding balance?",
    "Billing inquiries?"
  ],
  "responses": [
    "You can pay your bill at our billing department or through our online payment portal."
  ]
},
{
  "tag": "medical_conditions",
  "patterns": [
    "What are common medical conditions you treat?",
    "Do you specialize in certain medical conditions?",
    "Information on medical conditions."
  ],
  "responses": [
    "We provide treatment for various medical conditions. Please specify your inquiry for more detailed information."
  ]
},
{
  "tag": "surgery_information",
  "patterns": [
    "I need information about surgery.",
    "How do I prepare for surgery?",
    "Surgical procedures."
  ],
  "responses": [
    "Our surgical department can provide you with detailed information about surgical procedures and preparation steps."
  ]
},
{
  "tag": "patient_rights",
  "patterns": [
    "What are my rights as a patient?",
    "Patient rights information.",
    "Know my rights as a patient."
  ],
  "responses": [
    "As a patient, you have certain rights including the right to informed consent, confidentiality, and respectful treatment."
  ]
},
{
  "tag": "hospital_location",
  "patterns": [
    "Where is the hospital located?",
    "What is the hospital's address?",
    "Directions to the hospital."
  ],
  "responses": [
    "Our hospital is located at Kigoma Ujiji. You can find detailed directions on our website or by using a map application."
  ]
},
{
  "tag": "job_opportunities",
  "patterns": [
    "Are there job opportunities at the hospital?",
    "How can I apply for a job?",
    "Job vacancies information."
  ],
  "responses": [
    "We occasionally have job vacancies. Please check our careers page on the website for current openings and application instructions."
  ]
},










{
  "tag": "HIV_info",
  "patterns": [
    "What is HIV?",
    "Can you tell me about HIV?",
    "I want to learn more about HIV."
  ],
  "responses": [
    "HIV, or Human Immunodeficiency Virus, is a virus that attacks the body's immune system, specifically targeting CD4 cells, which help the immune system fight off infections. If left untreated, HIV can lead to acquired immunodeficiency syndrome (AIDS), a condition in which the immune system becomes severely weakened, making the individual more susceptible to opportunistic infections and certain cancers.",
    "HIV is primarily transmitted through unprotected sexual intercourse, sharing needles or syringes with an infected person, or from mother to child during pregnancy, childbirth, or breastfeeding. It's important to know that HIV cannot be transmitted through casual contact like hugging, kissing, or sharing food or drinks with someone who is HIV-positive."
  ]
},
{
  "tag": "HIV_testing",
  "patterns": [
    "How can I get tested for HIV?",
    "Where can I go for HIV testing?",
    "Is HIV testing confidential?"
  ],
  "responses": [
    "You can get tested for HIV at healthcare facilities, community health centers, or clinics specializing in sexual health. Many places offer confidential and anonymous HIV testing. It's crucial to get tested regularly, especially if you're sexually active or have engaged in behaviors that may put you at risk of HIV."
  ]
},
{
  "tag": "HIV_treatment",
  "patterns": [
    "Is there a cure for HIV?",
    "How is HIV treated?",
    "What medications are used to manage HIV?"
  ],
  "responses": [
    "While there is currently no cure for HIV, antiretroviral therapy (ART) can effectively manage the virus and allow people with HIV to live long and healthy lives. ART involves taking a combination of medications that target different stages of the HIV life cycle, reducing the viral load in the body and slowing down the progression of the disease. It's important for individuals living with HIV to adhere to their treatment regimen and attend regular medical appointments for monitoring and adjustments to their medication."
  ]
}
,
{
  "tag": "HIV_symptoms",
  "patterns": [
    "Dalili za HIV ni zipi?",
    "Ninawezaje kujua kama nina HIV?",
    "Ninahisi dalili kama homa, uchovu, na tezi kuvimba, inaweza kuwa HIV?"
  ],
  "responses": [
    "Dalili za kawaida za HIV ni pamoja na homa, uchovu, kuvimba kwa tezi, na upele. Hata hivyo, ni muhimu kufahamu kwamba dalili za HIV zinaweza kutofautiana na zinaweza zisionekane kwa miaka mingi.",
    "Dalili za awali za HIV zinaweza kufanana na dalili za mafua, ikiwa ni pamoja na homa, uchovu, na kuvimba kwa tezi. Ikiwa unashuku umeambukizwa HIV, ni muhimu kupima."
  ]
},
{
  "tag": "HIV_prevention",
  "patterns": [
    "Ninawezaje kujikinga na HIV?",
    "Njia za kujikinga na HIV ni zipi?",
    "Vidokezo vyovyote vya kuepuka HIV?"
  ],
  "responses": [
    "Kujikinga na HIV kunahusisha kutumia kondomu wakati wote na kwa usahihi wakati wa ngono, kuepuka kushiriki sindano au vifaa vya sindano, na kupima mara kwa mara kwa HIV na magonjwa mengine ya zinaa.",
    "Ili kuzuia maambukizi ya HIV, ni muhimu kutumia kinga wakati wa ngono, kuepuka kushiriki sindano, na kuzingatia matumizi ya dawa za kuzuia maambukizi (PrEP) ikiwa uko katika hatari kubwa. Kupima mara kwa mara pia ni muhimu kwa kugundua na kutibu mapema."
  ]
},
{
  "tag": "HIV_info",
  "patterns": [
    "HIV ni nini?",
    "Unaweza kuniambia kuhusu HIV?",
    "Nataka kujua zaidi kuhusu HIV."
  ],
  "responses": [
    "HIV, au Virusi vya Ukimwi, ni virusi vinavyoshambulia mfumo wa kinga mwilini, haswa seli za CD4, ambazo husaidia mwili kupambana na maambukizi. Ikiwa haitatibiwa, HIV inaweza kusababisha UKIMWI (Upungufu wa Kinga Mwilini), hali ambayo mfumo wa kinga unakuwa dhaifu sana, na kumfanya mtu awe hatarini zaidi kupata maambukizi na saratani fulani.",
    "HIV inasambazwa hasa kupitia ngono isiyo salama, kushiriki sindano au vifaa vya sindano na mtu aliyeambukizwa, au kutoka kwa mama kwenda kwa mtoto wakati wa ujauzito, kujifungua, au kunyonyesha. Ni muhimu kufahamu kwamba HIV haiwezi kusambazwa kupitia mawasiliano ya kawaida kama kukumbatiana, busu, au kushiriki chakula au vinywaji na mtu aliye na HIV."
  ]
},
{
  "tag": "HIV_testing",
  "patterns": [
    "Ninawezaje kupima HIV?",
    "Ninaweza wapi kupima HIV?",
    "Je, kupima HIV ni siri?"
  ],
  "responses": [
    "Unaweza kupima HIV katika vituo vya afya, vituo vya afya ya jamii, au kliniki zinazoshughulikia afya ya ngono. Sehemu nyingi hutoa huduma za kupima HIV kwa siri na bila kujulikana. Ni muhimu kupima mara kwa mara, hasa ikiwa unajihusisha na ngono au umefanya vitendo vinavyoweza kukuweka katika hatari ya HIV."
  ]
},
{
  "tag": "HIV_treatment",
  "patterns": [
    "Je, kuna tiba ya HIV?",
    "HIV inatibiwaje?",
    "Ni dawa gani zinatumika kudhibiti HIV?"
  ],
  "responses": [
    "Ingawa kwa sasa hakuna tiba ya HIV, matibabu ya kupambana na virusi (ART) yanaweza kudhibiti virusi na kuruhusu watu wenye HIV kuishi maisha marefu na yenye afya. ART inahusisha kuchukua mchanganyiko wa dawa zinazolenga hatua tofauti za mzunguko wa maisha wa HIV, kupunguza mzigo wa virusi mwilini na kupunguza kasi ya maendeleo ya ugonjwa. Ni muhimu kwa watu wanaoishi na HIV kufuata mpango wao wa matibabu na kuhudhuria miadi ya matibabu kwa ufuatiliaji na marekebisho ya dawa."
  ]
}
,








{
  "intents": [
    {
      "tag": "COVID19_info",
      "patterns": [
        "COVID-19 ni nini?",
        "Nielezee kuhusu COVID-19",
        "Nini maana ya COVID-19?"
      ],
      "responses": [
        "COVID-19 ni ugonjwa unaosababishwa na virusi vya SARS-CoV-2. Ugonjwa huu ulizuka mwishoni mwa mwaka 2019 na kusababisha janga la kimataifa. Dalili za kawaida ni pamoja na homa, kikohozi, na kupumua kwa shida, ingawa dalili zinaweza kutofautiana na kuwa kali kwa baadhi ya watu."
      ]
    },
    {
      "tag": "COVID19_symptoms",
      "patterns": [
        "Dalili za COVID-19 ni zipi?",
        "Ninawezaje kujua kama nina COVID-19?",
        "Ninahisi dalili kama homa na kikohozi, inaweza kuwa COVID-19?"
      ],
      "responses": [
        "Dalili za kawaida za COVID-19 ni pamoja na homa, kikohozi kikavu, na kupumua kwa shida. Dalili nyingine zinaweza kujumuisha uchovu, maumivu ya misuli, kuumwa kichwa, upotevu wa ladha au harufu, na kuharisha. Ikiwa unashuku una COVID-19, ni muhimu kupima na kujitenga ili kuepuka kuwaambukiza wengine."
      ]
    },
    {
      "tag": "COVID19_prevention",
      "patterns": [
        "Ninawezaje kujikinga na COVID-19?",
        "Njia za kujikinga na COVID-19 ni zipi?",
        "Vidokezo vya kuepuka COVID-19?"
      ],
      "responses": [
        "Ili kujikinga na COVID-19, vaa barakoa, weka umbali wa angalau mita moja kutoka kwa watu wengine, epuka mikusanyiko, safisha mikono yako mara kwa mara kwa sabuni na maji au tumia kisafisha mikono chenye pombe, na kuepuka kugusa uso wako bila kusafisha mikono. Pia, chanjo za COVID-19 ni njia muhimu ya kinga."
      ]
    },
    {
      "tag": "COVID19_testing",
      "patterns": [
        "Ninawezaje kupima COVID-19?",
        "Ninaweza wapi kupima COVID-19?",
        "Je, kupima COVID-19 ni siri?"
      ],
      "responses": [
        "Unaweza kupima COVID-19 katika vituo vya afya, vituo vya kupimia vya jamii, na kliniki maalum. Kupima ni siri, na matokeo yako yatashughulikiwa kwa usiri. Aina mbili kuu za vipimo ni kipimo cha molekuli (PCR) na kipimo cha haraka cha antijeni."
      ]
    },
    {
      "tag": "COVID19_treatment",
      "patterns": [
        "Je, kuna tiba ya COVID-19?",
        "COVID-19 inatibiwaje?",
        "Ni dawa gani zinatumika kutibu COVID-19?"
      ],
      "responses": [
        "Hakuna tiba mahususi ya COVID-19, lakini matibabu yanayosaidia yanaweza kusaidia kupunguza dalili. Kwa wagonjwa walio na dalili kali, hospitali inaweza kutoa huduma za oksijeni, dawa za kupunguza maumivu na homa, na wakati mwingine dawa za kupambana na virusi. Ni muhimu kuwasiliana na mtoa huduma wa afya kwa ushauri na matibabu sahihi."
      ]
    },
    {
      "tag": "COVID19_vaccine",
      "patterns": [
        "Chanjo za COVID-19 ni zipi?",
        "Je, chanjo ya COVID-19 ni salama?",
        "Ninawezaje kupata chanjo ya COVID-19?"
      ],
      "responses": [
        "Kuna chanjo kadhaa za COVID-19 zilizoidhinishwa, kama vile Pfizer-BioNTech, Moderna, AstraZeneca, na Johnson & Johnson. Chanjo hizi ni salama na zina ufanisi katika kuzuia maambukizi makali ya COVID-19. Unaweza kupata chanjo kwa kuwasiliana na kituo cha afya cha karibu au kufuatilia kampeni za chanjo za serikali."
      ]
    }
  ]
}
,
{
  "intents": [
    {
      "tag": "COVID19_info",
      "patterns": [
        "What is COVID-19?",
        "Tell me about COVID-19",
        "What does COVID-19 mean?"
      ],
      "responses": [
        "COVID-19 is a disease caused by the SARS-CoV-2 virus. It emerged at the end of 2019 and caused a global pandemic. Common symptoms include fever, cough, and difficulty breathing, although symptoms can vary and be severe in some people."
      ]
    },
    {
      "tag": "COVID19_symptoms",
      "patterns": [
        "What are the symptoms of COVID-19?",
        "How can I know if I have COVID-19?",
        "I feel symptoms like fever and cough, could it be COVID-19?"
      ],
      "responses": [
        "Common symptoms of COVID-19 include fever, dry cough, and difficulty breathing. Other symptoms may include fatigue, muscle aches, headache, loss of taste or smell, and diarrhea. If you suspect you have COVID-19, it is important to get tested and isolate to avoid spreading it to others."
      ]
    },
    {
      "tag": "COVID19_prevention",
      "patterns": [
        "How can I protect myself from COVID-19?",
        "What are the ways to prevent COVID-19?",
        "Tips to avoid COVID-19?"
      ],
      "responses": [
        "To protect yourself from COVID-19, wear a mask, maintain at least one meter of distance from others, avoid crowded places, wash your hands frequently with soap and water or use an alcohol-based hand sanitizer, and avoid touching your face without cleaning your hands. COVID-19 vaccines are also an important way to protect yourself."
      ]
    },
    {
      "tag": "COVID19_testing",
      "patterns": [
        "How can I get tested for COVID-19?",
        "Where can I get tested for COVID-19?",
        "Is COVID-19 testing confidential?"
      ],
      "responses": [
        "You can get tested for COVID-19 at health centers, community testing sites, and special clinics. Testing is confidential, and your results will be handled with privacy. The two main types of tests are molecular (PCR) tests and rapid antigen tests."
      ]
    },
    {
      "tag": "COVID19_treatment",
      "patterns": [
        "Is there a treatment for COVID-19?",
        "How is COVID-19 treated?",
        "What medications are used to treat COVID-19?"
      ],
      "responses": [
        "There is no specific cure for COVID-19, but supportive treatments can help reduce symptoms. For patients with severe symptoms, hospitals may provide oxygen therapy, pain and fever reducers, and sometimes antiviral medications. It is important to consult with a healthcare provider for appropriate advice and treatment."
      ]
    },
    {
      "tag": "COVID19_vaccine",
      "patterns": [
        "What are the COVID-19 vaccines?",
        "Is the COVID-19 vaccine safe?",
        "How can I get the COVID-19 vaccine?"
      ],
      "responses": [
        "Several COVID-19 vaccines have been approved, such as Pfizer-BioNTech, Moderna, AstraZeneca, and Johnson & Johnson. These vaccines are safe and effective in preventing severe COVID-19 infection. You can get vaccinated by contacting your local health center or following government vaccination campaigns."
      ]
    }
  ]
}
,










{
  "intents": [
    {
      "tag": "red_eyes_info",
      "patterns": [
        "What causes red eyes?",
        "Why are my eyes red?",
        "Tell me about red eyes"
      ],
      "responses": [
        "Red eyes can be caused by various factors including allergies, infections (like conjunctivitis), dryness, irritants, and fatigue. If redness persists, it's best to consult with a healthcare provider."
      ]
    },
    {
      "tag": "red_eyes_symptoms",
      "patterns": [
        "What are the symptoms of red eyes?",
        "How do I know if I have red eyes?",
        "I have red eyes, what should I look for?"
      ],
      "responses": [
        "Symptoms of red eyes may include eye redness, irritation, itching, dryness, discharge, and sometimes blurred vision. If these symptoms persist or worsen, seek medical advice."
      ]
    },
    {
      "tag": "red_eyes_prevention",
      "patterns": [
        "How can I prevent red eyes?",
        "Ways to avoid red eyes?",
        "Tips to prevent red eyes?"
      ],
      "responses": [
        "To prevent red eyes, avoid touching your eyes with unclean hands, avoid allergens and irritants, use protective eyewear, maintain proper hygiene for contact lenses, and take breaks from screen time to rest your eyes."
      ]
    },
    {
      "tag": "red_eyes_treatment",
      "patterns": [
        "How can I treat red eyes?",
        "What are the treatments for red eyes?",
        "How to cure red eyes?"
      ],
      "responses": [
        "Treatment for red eyes depends on the cause. It may include using lubricating eye drops for dryness, antihistamines for allergies, and avoiding irritants. If the condition is due to an infection, your doctor may prescribe antibiotics or antiviral medications. It's important to consult with a healthcare provider for the appropriate treatment."
      ]
    },
    {
      "tag": "red_eyes_when_to_see_doctor",
      "patterns": [
        "When should I see a doctor for red eyes?",
        "Is it serious if my eyes are red?",
        "Should I be worried about red eyes?"
      ],
      "responses": [
        "You should see a doctor if you experience severe pain, vision changes, persistent redness, sensitivity to light, or if the redness is accompanied by discharge. These could be signs of a more serious condition that needs medical attention."
      ]
    }
  ]
}
,

{
  "intents": [
    {
      "tag": "red_eyes_info",
      "patterns": [
        "Nini husababisha macho mekundu?",
        "Kwa nini macho yangu ni mekundu?",
        "Niambie kuhusu macho mekundu"
      ],
      "responses": [
        "Macho mekundu yanaweza kusababishwa na mambo mbalimbali kama vile mzio, maambukizi (kama vile konjuktivaiti), ukavu, vichochezi, na uchovu. Ikiwa wekundu utaendelea, ni bora kushauriana na mtoa huduma ya afya."
      ]
    },
    {
      "tag": "red_eyes_symptoms",
      "patterns": [
        "Dalili za macho mekundu ni zipi?",
        "Nitawezaje kujua kama nina macho mekundu?",
        "Nina macho mekundu, nifanye nini?"
      ],
      "responses": [
        "Dalili za macho mekundu zinaweza kujumuisha wekundu wa macho, kuwasha, ukavu, uchafu, na wakati mwingine kuona kwa ukungu. Ikiwa dalili hizi zitaendelea au kuwa mbaya zaidi, tafuta ushauri wa matibabu."
      ]
    },
    {
      "tag": "red_eyes_prevention",
      "patterns": [
        "Ninawezaje kuzuia macho mekundu?",
        "Njia za kuepuka macho mekundu?",
        "Vidokezo vya kuzuia macho mekundu?"
      ],
      "responses": [
        "Ili kuzuia macho mekundu, epuka kugusa macho yako na mikono isiyo safi, epuka vitu vinavyosababisha mzio na vichochezi, tumia miwani ya kinga, endelea na usafi mzuri wa lenzi za macho, na pumzika kutokana na kutumia muda mwingi kwenye skrini ili kupumzisha macho yako."
      ]
    },
    {
      "tag": "red_eyes_treatment",
      "patterns": [
        "Ninawezaje kutibu macho mekundu?",
        "Matibabu ya macho mekundu ni yapi?",
        "Jinsi ya kuponya macho mekundu?"
      ],
      "responses": [
        "Matibabu ya macho mekundu yanategemea chanzo. Inaweza kujumuisha kutumia matone ya macho ya kulainisha kwa ukavu, antihistamini kwa mzio, na kuepuka vichochezi. Ikiwa hali hii inasababishwa na maambukizi, daktari wako anaweza kuagiza antibiotiki au dawa za antiviral. Ni muhimu kushauriana na mtoa huduma ya afya kwa matibabu sahihi."
      ]
    },
    {
      "tag": "red_eyes_when_to_see_doctor",
      "patterns": [
        "Nipaswa kumwona daktari lini kwa macho mekundu?",
        "Je, ni hali mbaya ikiwa macho yangu ni mekundu?",
        "Je, niwe na wasiwasi kuhusu macho mekundu?"
      ],
      "responses": [
        "Unapaswa kumwona daktari ikiwa unapata maumivu makali, mabadiliko ya kuona, wekundu unaoendelea, unyeti kwa mwanga, au ikiwa wekundu unafuatana na uchafu. Hizi zinaweza kuwa dalili za hali mbaya zaidi inayohitaji matibabu ya haraka."
      ]
    }
  ]
}







,
{
  "tag": "cholera_info",
  "patterns": [
    "Kipindupindu ni nini?",
    "Niambie kuhusu kipindupindu",
    "Kipindupindu husababishwa na nini?"
  ],
  "responses": [
    "Kipindupindu ni ugonjwa wa kuambukiza unaosababishwa na bakteria anayeitwa Vibrio cholerae. Ugonjwa huu unasababisha kuhara kali na upungufu wa maji mwilini na unaweza kusababisha kifo ikiwa hautatibiwa haraka."
  ]
},
{
  "tag": "cholera_symptoms",
  "patterns": [
    "Dalili za kipindupindu ni zipi?",
    "Ninawezaje kujua kama nina kipindupindu?",
    "Kipindupindu huonyesha dalili gani?"
  ],
  "responses": [
    "Dalili za kipindupindu ni pamoja na kuhara sana, kutapika, maumivu ya tumbo, na upungufu wa maji mwilini. Dalili hizi zinaweza kuanza ghafla na kuwa kali sana."
  ]
},
{
  "tag": "cholera_prevention",
  "patterns": [
    "Ninawezaje kuzuia kipindupindu?",
    "Njia za kuzuia kipindupindu ni zipi?",
    "Vidokezo vya kuepuka kipindupindu?"
  ],
  "responses": [
    "Ili kuzuia kipindupindu, tumia maji safi na salama, epuka chakula na maji yasiyo salama, osha mikono kwa sabuni na maji safi mara kwa mara, na epuka kula vyakula vya mitaani ambavyo huenda havijaandaliwa kwa usafi."
  ]
},
{
  "tag": "cholera_treatment",
  "patterns": [
    "Ninawezaje kutibu kipindupindu?",
    "Matibabu ya kipindupindu ni yapi?",
    "Nifanye nini ikiwa nina kipindupindu?"
  ],
  "responses": [
    "Matibabu ya kipindupindu yanajumuisha kunywa vinywaji vya maji na chumvi ili kurejesha maji mwilini, na katika hali kali, matumizi ya dawa za antibiotiki. Ni muhimu kupata matibabu ya haraka ili kuepuka madhara makubwa."
  ]
},
{
  "tag": "cholera_when_to_see_doctor",
  "patterns": [
    "Nipaswa kumwona daktari lini kwa kipindupindu?",
    "Je, ni hali mbaya ikiwa nina kipindupindu?",
    "Niwe na wasiwasi kuhusu kipindupindu?"
  ],
  "responses": [
    "Unapaswa kumwona daktari haraka ikiwa unapata dalili za kipindupindu kama kuhara sana na kutapika, hasa ikiwa kuna upungufu wa maji mwilini. Matibabu ya haraka yanaweza kuokoa maisha."
  ]
}
,


{
  "tag": "cholera_info",
  "patterns": [
    "What is cholera?",
    "Tell me about cholera",
    "What causes cholera?"
  ],
  "responses": [
    "Cholera is an infectious disease caused by the bacterium Vibrio cholerae. It leads to severe diarrhea and dehydration and can be fatal if not treated promptly."
  ]
},
{
  "tag": "cholera_symptoms",
  "patterns": [
    "What are the symptoms of cholera?",
    "How can I know if I have cholera?",
    "What signs indicate cholera?"
  ],
  "responses": [
    "Symptoms of cholera include severe diarrhea, vomiting, stomach cramps, and dehydration. These symptoms can appear suddenly and be very severe."
  ]
},
{
  "tag": "cholera_prevention",
  "patterns": [
    "How can I prevent cholera?",
    "What are the ways to prevent cholera?",
    "Tips to avoid cholera?"
  ],
  "responses": [
    "To prevent cholera, use clean and safe water, avoid unsafe food and water, wash hands with soap and clean water frequently, and avoid street food that might not be hygienically prepared."
  ]
},
{
  "tag": "cholera_treatment",
  "patterns": [
    "How can I treat cholera?",
    "What are the treatments for cholera?",
    "What should I do if I have cholera?"
  ],
  "responses": [
    "Treatment for cholera includes drinking rehydration solutions to replace lost fluids and electrolytes, and in severe cases, antibiotics. It's crucial to seek immediate medical treatment to avoid severe complications."
  ]
},
{
  "tag": "cholera_when_to_see_doctor",
  "patterns": [
    "When should I see a doctor for cholera?",
    "Is cholera serious?",
    "Should I be worried about cholera?"
  ],
  "responses": [
    "You should see a doctor immediately if you experience symptoms of cholera such as severe diarrhea and vomiting, especially if dehydration occurs. Prompt treatment can be life-saving."
  ]
}
,











{
  "tag": "malaria_info",
  "patterns": [
    "What is malaria?",
    "Tell me about malaria",
    "What causes malaria?"
  ],
  "responses": [
    "Malaria is a disease caused by a parasite transmitted through the bite of infected Anopheles mosquitoes. It leads to symptoms like fever, chills, and flu-like illness."
  ]
},
{
  "tag": "malaria_symptoms",
  "patterns": [
    "What are the symptoms of malaria?",
    "How can I know if I have malaria?",
    "What signs indicate malaria?"
  ],
  "responses": [
    "Symptoms of malaria include fever, chills, headache, nausea, vomiting, muscle pain, and fatigue. Severe cases can cause anemia, jaundice, seizures, coma, and even death."
  ]
},
{
  "tag": "malaria_prevention",
  "patterns": [
    "How can I prevent malaria?",
    "What are the ways to prevent malaria?",
    "Tips to avoid malaria?"
  ],
  "responses": [
    "To prevent malaria, use insect repellent, sleep under insecticide-treated bed nets, take antimalarial medication if traveling to high-risk areas, and ensure proper environmental management to reduce mosquito breeding."
  ]
},
{
  "tag": "malaria_treatment",
  "patterns": [
    "How can I treat malaria?",
    "What are the treatments for malaria?",
    "What should I do if I have malaria?"
  ],
  "responses": [
    "Treatment for malaria includes antimalarial medications like chloroquine, artemisinin-based combination therapies (ACTs), and other specific drugs based on the type and severity of the infection. It's crucial to seek medical attention promptly for proper diagnosis and treatment."
  ]
},
{
  "tag": "malaria_when_to_see_doctor",
  "patterns": [
    "When should I see a doctor for malaria?",
    "Is malaria serious?",
    "Should I be worried about malaria?"
  ],
  "responses": [
    "You should see a doctor immediately if you experience symptoms of malaria such as fever, chills, and flu-like illness, especially if you have traveled to or live in a malaria-endemic area. Early diagnosis and treatment are essential to prevent severe complications."
  ]
},

{
  "tag": "malaria_info",
  "patterns": [
    "Malaria ni nini?",
    "Nieleze kuhusu malaria",
    "Nini husababisha malaria?"
  ],
  "responses": [
    "Malaria ni ugonjwa unaosababishwa na vimelea vinavyoenezwa kupitia kuumwa na mbu walioambukizwa wa Anopheles. Husababisha dalili kama homa, kutetemeka, na hali ya kama ya mafua."
  ]
},
{
  "tag": "malaria_symptoms",
  "patterns": [
    "Dalili za malaria ni zipi?",
    "Nawezaje kujua kama nina malaria?",
    "Dalili gani zinaonyesha malaria?"
  ],
  "responses": [
    "Dalili za malaria ni pamoja na homa, kutetemeka, maumivu ya kichwa, kichefuchefu, kutapika, maumivu ya misuli, na uchovu. Kesi kali zinaweza kusababisha upungufu wa damu, jaundice, kifafa, koma, na hata kifo."
  ]
},
{
  "tag": "malaria_prevention",
  "patterns": [
    "Ninawezaje kuzuia malaria?",
    "Njia za kuzuia malaria ni zipi?",
    "Vidokezo vya kuepuka malaria?"
  ],
  "responses": [
    "Ili kuzuia malaria, tumia dawa ya kuzuia wadudu, lala chini ya vyandarua vilivyotiwa dawa ya kuua mbu, chukua dawa za kuzuia malaria ukiwa safarini katika maeneo yenye hatari kubwa, na hakikisha usimamizi mzuri wa mazingira ili kupunguza uzazi wa mbu."
  ]
},
{
  "tag": "malaria_treatment",
  "patterns": [
    "Nawezaje kutibu malaria?",
    "Matibabu ya malaria ni yapi?",
    "Nifanye nini ikiwa nina malaria?"
  ],
  "responses": [
    "Matibabu ya malaria ni pamoja na dawa za kuzuia malaria kama klorokwini, tiba za mseto za artemisinin (ACTs), na dawa nyingine maalum kulingana na aina na ukali wa maambukizi. Ni muhimu kutafuta matibabu haraka kwa utambuzi na matibabu sahihi."
  ]
},
{
  "tag": "malaria_when_to_see_doctor",
  "patterns": [
    "Nipaswa kumwona daktari lini kwa malaria?",
    "Je, malaria ni hatari?",
    "Je, ninapaswa kuwa na wasiwasi kuhusu malaria?"
  ],
  "responses": [
    "Unapaswa kumwona daktari mara moja ikiwa unapata dalili za malaria kama homa, kutetemeka, na hali ya kama ya mafua, hasa ikiwa umesafiri au unakaa katika eneo lenye hatari ya malaria. Utambuzi na matibabu mapema ni muhimu ili kuepuka matatizo makubwa."
  ]
}
,






{
  "tag": "fever_symptoms",
  "patterns": [
    "Nina homa",
    "Dalili za homa",
    "Nina joto"
  ],
  "responses": [
    "Dalili za homa ni pamoja na mwili kuwa na joto, kutetemeka, kuumwa na kichwa, uchovu, na kutapika. Ni muhimu kutafuta matibabu ikiwa homa inaendelea au inaambatana na dalili zingine zisizofurahisha."
  ]
},
{
  "tag": "cough_symptoms",
  "patterns": [
    "Nina kikohozi",
    "Dalili za kikohozi",
    "Kikohozi"
  ],
  "responses": [
    "Dalili za kikohozi ni pamoja na kukohoa mara kwa mara, koo kuumwa, kutoa makamasi, na hata kupata shida ya kupumua. Kikohozi kinaweza kuwa ishara ya magonjwa kama vile kifua kikuu au mafua."
  ]
},
{
  "tag": "headache_symptoms",
  "patterns": [
    "Nina maumivu ya kichwa",
    "Dalili za maumivu ya kichwa",
    "Kichwa kinauma"
  ],
  "responses": [
    "Dalili za maumivu ya kichwa ni pamoja na maumivu yanayoenea kote kichwani, kizunguzungu, na hisia za kusonga. Maumivu ya kichwa yanaweza kusababishwa na sababu mbalimbali kama vile msongo wa mawazo, msukumo wa damu, au maambukizi."
  ]
},
{
  "tag": "stomach_pain_symptoms",
  "patterns": [
    "Nina maumivu ya tumbo",
    "Dalili za maumivu ya tumbo",
    "Tumbo linauma"
  ],
  "responses": [
    "Dalili za maumivu ya tumbo ni pamoja na maumivu katika eneo la tumbo, kichefuchefu, kutapika, kuhara, au kuvimbiwa. Maumivu ya tumbo yanaweza kuwa ishara ya shida za kiafya kama vile gastritis, kisukari, au maambukizi ya tumbo."
  ]
},
{
  "tag": "shortness_of_breath_symptoms",
  "patterns": [
    "Nina shida ya kupumua",
    "Dalili za shida ya kupumua",
    "Ninapumua kwa shida"
  ],
  "responses": [
    "Dalili za shida ya kupumua ni pamoja na kuvuta pumzi kwa shida, kufurika kwa pumzi, na hisia ya kukosa hewa. Shida ya kupumua inaweza kuwa ishara ya matatizo ya mapafu kama vile pumu au ugonjwa wa moyo."
  ]
}
,
{
  "tag": "fatigue_symptoms",
  "patterns": [
    "Nina uchovu",
    "Dalili za uchovu",
    "Nina hisia za kuchoka"
  ],
  "responses": [
    "Dalili za uchovu ni pamoja na hisia za kuchoka ambazo haziondoki hata baada ya kupumzika vya kutosha, upungufu wa nguvu, na kukosa motisha. Uchovu unaweza kuwa ishara ya matatizo ya kiafya kama vile upungufu wa damu, ugonjwa wa kisukari, au matatizo ya tezi."
  ]
},
{
  "tag": "dizziness_symptoms",
  "patterns": [
    "Nina kizunguzungu",
    "Dalili za kizunguzungu",
    "Nina hisia za kuzimia"
  ],
  "responses": [
    "Dalili za kizunguzungu ni pamoja na hisia za kutetemeka au kuzunguka kichwani, kutopata usawa, na hata kujisikia kama unaweza kuzimia. Kizunguzungu kinaweza kusababishwa na sababu mbalimbali kama vile shinikizo la damu, matatizo ya masikio, au uchovu."
  ]
},
{
  "tag": "rash_symptoms",
  "patterns": [
    "Nina vipele",
    "Dalili za vipele",
    "Nina ngozi inayochemka"
  ],
  "responses": [
    "Dalili za vipele ni pamoja na mwonekano wa ngozi wenye vipele au kutuama, kuwashwa, na kuvimba. Vipele vinaweza kuwa ishara ya athari za mzio, magonjwa ya ngozi kama vile eczema au psoriasis, au hata maambukizi."
  ]
},
{
  "tag": "joint_pain_symptoms",
  "patterns": [
    "Nina maumivu ya viungo",
    "Dalili za maumivu ya viungo",
    "Viungo vinauma"
  ],
  "responses": [
    "Dalili za maumivu ya viungo ni pamoja na maumivu katika viungo, kupungua kwa uwezo wa kusonga, uvimbe, au kuhisi joto. Maumivu ya viungo yanaweza kusababishwa na matatizo kama vile athritis, maambukizi, au majeraha."
  ]
},
{
  "tag": "chest_pain_symptoms",
  "patterns": [
    "Nina maumivu ya kifua",
    "Dalili za maumivu ya kifua",
    "Kifua kinauma"
  ],
  "responses": [
    "Dalili za maumivu ya kifua ni pamoja na maumivu, presha, au kifungo katika eneo la kifua. Maumivu ya kifua yanaweza kuwa ishara ya matatizo ya moyo, pumu, au hata shida za mfumo wa utumbo."
  ]
}

  ]
}
